{
  "AN": {
    "name": "Andaman and Nicobar Islands",
    "no": {
      "01": "Port Blair",
      "02": "Car Nicobar"
    }
  },
  "AP": {
    "name": "Andhra Pradesh",
    "no": {
      "01": "Adilabad",
      "02": "Anantapur",
      "03": "Chittoor",
      "04": "Kadapa",
      "05": "Kakinada",
      "06": "",
      "07": "Guntur",
      "08": "",
      "09": "Khairtabad",
      "10": "Secunderabad",
      "11": "Malakpet",
      "12": "Kishanbagh",
      "13": "Tolichowki",
      "14": "",
      "15": "Karimnagar",
      "16": "Vijayawada",
      "17": "",
      "18": "Vijayawada",
      "19": "",
      "20": "Khammam",
      "21": "Kurnool",
      "22": "Mahbubnagar",
      "23": "Medak",
      "24": "Nalgonda",
      "25": "Nizamabad",
      "26": "Nellore",
      "27": "Ongole",
      "28": "Attapur",
      "29": "Uppal Kalan",
      "30": "Srikakulam",
      "31": "Visakhapatnam",
      "32": "Visakhapatnam",
      "33": "Visakhapatnam",
      "34": "Vizianagaram",
      "35": "",
      "36": "Warangal",
      "37": "Eluru"
    }
  },
  "AR": {
    "name": "Arunachal Pradesh",
    "no": {
      "01": "Itanagar",
      "02": "Itanagar",
      "03": "Tawang",
      "04": "Bomdila",
      "05": "Seppa",
      "06": "Ziro",
      "07": "Daporijo",
      "08": "Along",
      "09": "Pasighat",
      "10": "Anini",
      "11": "Tezu",
      "12": "Changlang",
      "13": "Khonsa",
      "14": "Yingkiong",
      "15": "Koloriang",
      "16": "Roing",
      "17": "Hawai",
      "18": "",
      "19": "",
      "20": "Namsai"
    }
  },
  "AS": {
    "name": "Assam",
    "no": {
      "01": "Guwahati, Kamrup",
      "02": "Nagaon",
      "03": "Jorhat",
      "04": "Sibsagar",
      "05": "Golaghat",
      "06": "Dibrugarh",
      "07": "Lakhimpur district",
      "08": "Dima Hasao",
      "09": "Karbi Anglong",
      "10": "Karimganj",
      "11": "Cachar"
    }
  },
  "BR": {
    "name": "Bihar",
    "no": {
      "01": "Patna",
      "02": "Gaya",
      "03": "Arrah",
      "04": "Chhapra",
      "05": "Motihari",
      "06": "Muzaffarpur",
      "07": "Darbhanga",
      "08": "Munger",
      "09": "Begusarai",
      "10": "Bhagalpur",
      "11": "Purnia",
      "12": "",
      "13": "Hazaribagh",
      "14": "Ranchi",
      "15": "Daltonganj",
      "16": "Jamshedpur",
      "17": "Dhanbad",
      "18": "Chaibasa",
      "19": "Saharsa",
      "20": "Bokaro",
      "21": "Bihar Sharif",
      "22": "Bettiah",
      "23": "Giridih",
      "24": "Dehri",
      "25": "Jehanabad",
      "26": "Aurangabad",
      "27": "Nawada",
      "28": "Gopalganj",
      "29": "Siwan",
      "30": "Sitamarhi",
      "31": "Hajipur",
      "32": "Madhubani",
      "33": "Samastipur",
      "34": "Khagaria",
      "35": "Sahibganj",
      "36": "Godda",
      "37": "Kishanganj",
      "38": "Araria",
      "39": "Katihar",
      "40": "Deoghar",
      "41": "Gumla",
      "42": "Lohardaga",
      "43": "Madhepura",
      "44": "Buxar",
      "45": "Bhabua",
      "46": "Jamui",
      "47": "Koderma",
      "50": "Supaul",
      "51": "Banka",
      "52": "Sheikhpura",
      "53": "Lakhisarai",
      "55": "Sheohar",
      "56": "Arwal",
      "57": "Sasaram"
    }
  },
  "CG": {
    "name": "Chhattisgarh",
    "no": {
      "01": "Governor of Chhattisgarh",
      "02": "Government of Chhattisgarh",
      "03": "Chhattisgarh Police",
      "04": "Raipur",
      "05": "Dhamtari",
      "06": "Mahasamund",
      "07": "Durg",
      "08": "Rajnandgaon",
      "09": "Kawardha",
      "10": "Bilaspur",
      "11": "Janjgir",
      "12": "Korba",
      "13": "Raigarh",
      "14": "Jashpur Nagar",
      "15": "Ambikapur",
      "16": "Baikunthpur",
      "17": "Jagdalpur",
      "18": "Dantewada",
      "19": "Kanker",
      "20": "Bijapur",
      "21": "Narayanpur",
      "22": "Baloda Bazar",
      "23": "Gariaband",
      "24": "Balod",
      "25": "Bemetara",
      "26": "Sukma",
      "27": "Kondagaon",
      "28": "Mungeli",
      "29": "Surajpur",
      "30": "Balrampur"
    }
  },
  "CH": {
    "name": "Chandigarh",
    "no": {
      "01": "Chandigarh",
      "02": "Chandigarh",
      "03": "Chandigarh",
      "04": "Chandigarh"
    }
  },
  "DD": {
    "name": "Daman and Diu",
    "no": {
      "02": "Diu Diu district",
      "03": "Daman"
    }
  },
  "DL": {
    "name": "Delhi",
    "no": {
      "01": "Civil Lines",
      "02": "Indraprastha Depot",
      "03": "Sheikh Sarai",
      "04": "Janakpuri",
      "05": "Loni Road",
      "06": "Sarai Kale Khan, Delhi",
      "07": "Mayur Vihar",
      "08": "Wazir Pur",
      "09": "Dwarka, Delhi",
      "10": "Raja Garden",
      "11": "Rohini",
      "12": "Vasant Vihar",
      "13": "Surajmal Vihar",
      "14": "Sonipat",
      "15": "Gurgaon",
      "16": "Faridabad",
      "17": "Noida",
      "18": "Ghaziabad",
      "30": "Noida"
    }
  },
  "DN": {
    "name": "Dadra and Nagar Haveli",
    "no": {
      "09": "Silvassa"
    }
  },
  "GA": {
    "name": "Goa",
    "no": {
      "1": "Panajim",
      "2": "Margao",
      "3": "Mapusa",
      "4": "Bicholim",
      "5": "Ponda",
      "6": "Vasco da Gama",
      "7": "Panajim",
      "8": "Margao",
      "9": "Quepem",
      "10": "Canacona",
      "11": "Pernem",
      "12": "Dharbandora"
    }
  },
  "GJ": {
    "name": "Gujarat",
    "no": {
      "1": "Ahmedabad City(West)",
      "2": "Mehsana",
      "3": "Rajkot",
      "4": "Bhavnagar",
      "5": "Surat city",
      "6": "Vadodara city",
      "7": "Nadiad",
      "8": "Palanpur",
      "9": "Himmatnagar",
      "10": "Jamnagar",
      "11": "Junagadh",
      "12": "Bhuj",
      "13": "Surendranagar",
      "14": "Rajula",
      "15": "Valsad",
      "16": "Bharuch",
      "17": "Godhra",
      "18": "Gandhinagar",
      "19": "Bardoli",
      "20": "Dahod",
      "21": "Navsari",
      "22": "Rajpipla",
      "23": "Anand",
      "24": "Patan",
      "25": "Porbandar",
      "26": "Vyara",
      "27": "Ahmedabad(East), Vastral",
      "28": "Surat rural",
      "29": "Vadodara rural",
      "30": "Waghai",
      "31": "Modasa",
      "32": "Veraval",
      "33": "Botad",
      "34": "Chhota Udaipur",
      "35": "Lunawada",
      "36": "Morbi",
      "37": "Khambhaliya",
      "38": "Bavla"
    }
  },
  "HR": {
    "name": "Haryana",
    "no": {
      "1": "Ambala",
      "2": "Jagadhri",
      "3": "Panchkula",
      "4": "Naraingarh",
      "5": "Karnal",
      "6": "Panipat",
      "7": "Thanesar",
      "8": "Kaithal",
      "9": "Guhla",
      "10": "Sonipat",
      "11": "Gohana",
      "12": "Rohtak",
      "13": "Bahadurgarh",
      "14": "Jhajjar",
      "15": "Meham",
      "16": "Bhiwani",
      "17": "Siwani",
      "18": "Loharu",
      "19": "Charkhi Dadri",
      "20": "Hisar",
      "21": "Hansi",
      "22": "Fatehabad",
      "23": "Tohana",
      "24": "Sirsa",
      "25": "Mandi Dabwali",
      "26": "Gurgaon",
      "27": "Nuh",
      "28": "Ferozepur Jhirka",
      "29": "Ballabgarh",
      "30": "Palwal",
      "31": "Jind",
      "32": "Narwana",
      "33": "Safidon",
      "34": "Mahendragarh",
      "35": "Narnaul",
      "36": "Rewari",
      "37": "Ambala",
      "38": "Faridabad",
      "39": "Hisar",
      "40": "Assandh",
      "41": "Pehowa",
      "42": "Ganaur",
      "43": "Kosli",
      "44": "Ellenabad",
      "45": "Karnal",
      "46": "Rohtak",
      "47": "Rewari",
      "48": "Tosham",
      "49": "Kalka",
      "50": "Hodal",
      "51": "Faridabad",
      "52": "Hathin",
      "53": "Adampur",
      "54": "Barara",
      "55": "Gurgaon",
      "56": "Jind",
      "57": "Sirsa",
      "58": "Jagadhri",
      "59": "Ratia",
      "60": "Samalkha",
      "61": "Bhiwani",
      "62": "Fatehabad",
      "63": "Jhajjar",
      "64": "Kaithal",
      "65": "Thanesar",
      "66": "Narnaul",
      "67": "Panipat",
      "68": "Panchkula",
      "69": "Sonipat",
      "70": "Chandigarh",
      "71": "Bilaspur",
      "72": "Gurgaon",
      "73": "Palwal",
      "74": "Nuh",
      "75": "Indri",
      "76": "Pataudi",
      "77": "Beri",
      "78": "Shahabad Markanda",
      "79": "Kharkhoda",
      "80": "Barwala",
      "81": "Bawal",
      "83": "Kalayat",
      "85": "CANTT",
      "86": "Sonipat",
      "88": "Kundli"
    }
  },
  "HP": {
    "name": "Himachal Pradesh",
    "no": {
      "01": " Statewide",
      "02": " Statewide",
      "03": "Shimla – Urban",
      "04": "Dharamsala",
      "05": "Mandi",
      "06": "Rampur",
      "07": "Shimla",
      "08": "Chaupal",
      "09": "Theog",
      "10": "Rohru",
      "11": "Arki",
      "12": "Nalagarh",
      "13": "Kandaghat",
      "14": "Solan",
      "15": "Parwanoo",
      "16": "Rajgarh",
      "17": "Paonta Sahib",
      "18": "Nahan",
      "19": "Amb",
      "20": "Una",
      "21": "Barsar, Hamirpur",
      "22": "Hamirpur",
      "23": "Ghumarwin",
      "24": "Bilaspur",
      "25": "Reckong Peo",
      "26": "Nichar ",
      "27": "Poo",
      "28": "Sarkaghat",
      "29": "Jogindernagar",
      "30": "Karsog",
      "31": "Sundernagar",
      "32": "Gohar, Mandi",
      "33": "Mandi",
      "34": "Kullu",
      "35": "Anni, Kullu",
      "36": "Dehra",
      "37": "Palampur",
      "38": "Nurpur",
      "39": "Dharamshala",
      "40": "Kangra",
      "41": "Kaza",
      "42": "Keylong",
      "43": "Udaipur",
      "44": "Churah",
      "45": "Pangi",
      "46": "Bharmour",
      "47": "Dalhousie",
      "48": "Chamba",
      "49": "Banjar",
      "50": "Shimla ",
      "51": " Shimla",
      "52": " Shimla",
      "53": "Baijnath",
      "54": "Jawali",
      "55": "Nadaun / Hamirpur",
      "56": "Jaisinghpur",
      "57": "Chowari",
      "58": "Manali",
      "59": "Solan",
      "60": "Hamirpur",
      "61": "Kullu",
      "62": " Shimla",
      "63": " Shimla",
      "64": "Solan",
      "65": "Mandi",
      "66": "Kullu",
      "67": "Hamirpur",
      "68": "Dharmsala",
      "69": " Bilaspur",
      "70": " Bilaspur",
      "71": "Nahan",
      "72": "Una",
      "73": "Chamba",
      "74": "Bhoranj, Hamirpur",
      "76": "Paddhar, Mandi",
      "77": "Dodra Kawar, Shimla",
      "78": "Bangana, Una",
      "79": "Sangrah, Sirmaur",
      "80": "Haroli, Una",
      "81": "Salooni (Dist. Chamba)",
      "82": "Mandi (rural)",
      "83": "Jawalaji, Kangra",
      "84": "Sujanpur Tihra, Hamirpur",
      "85": "Shillai, Sirmaur",
      "86": "Dharampur Distt Mandi"
    }
  },
  "JH": {
    "name": "Jharkhand",
    "no": {
      "01": "Ranchi / Khunti",
      "02": "Hazaribagh / Ramgarh",
      "03": "Daltonganj",
      "04": "Dumka",
      "05": "Jamshedpur",
      "06": "Chaibasa",
      "07": "Gumla",
      "08": "Lohardaga",
      "09": "Bokaro",
      "10": "Dhanbad",
      "11": "Giridih",
      "12": "Koderma",
      "13": "Chatra",
      "14": "Garhwa",
      "15": "Deoghar",
      "16": "Pakur",
      "17": "Godda",
      "18": "Sahibganj",
      "19": "Latehar",
      "20": "Simdega",
      "21": "Jamtara",
      "22": "Saraikela-khrshawan",
      "23": "Khunti",
      "24": "Ramgarh"
    }
  },
  "JK": {
    "name": "Jammu and Kashmir",
    "no": {
      "01": "Srinagar",
      "02": "Jammu",
      "03": "Anantnag",
      "04": "Budgam",
      "05": "Baramulla",
      "06": "Doda",
      "07": "Kargil",
      "08": "Kathua",
      "09": "Kupwara",
      "10": "Leh",
      "11": "Rajouri",
      "12": "Poonch",
      "13": "Pulwama",
      "14": "Udhampur",
      "15": "Bandipora",
      "16": "Ganderbal",
      "17": "Kishtwar",
      "18": "Kulgam",
      "19": "Ramban",
      "20": "Reasi",
      "21": "Samba",
      "22": "Shopian"
    }
  },
  "KA": {
    "name": "Karnataka",
    "no": {
      "01": "Bengaluru Central, Koramangala ",
      "02": "Bengaluru West, Rajajinagar ",
      "03": "Bengaluru East, Indiranagar ",
      "04": "Bengaluru North, Yeshwanthpur ",
      "05": "Bengaluru South, Jayanagar ",
      "06": "Tumakuru ",
      "07": "Kolar ",
      "08": "Kolar Gold Fields ",
      "09": "Mysuru West ",
      "10": "Chamarajanagar ",
      "11": "Mandya ",
      "12": "Madikeri ",
      "13": "Hassan ",
      "14": "Shivamogga ",
      "15": "Sagara ",
      "16": "Chitradurga ",
      "17": "Davangere ",
      "18": "Chikkamagaluru ",
      "19": "Mangaluru ",
      "20": "Udupi ",
      "21": "Puttur ",
      "22": "Belagavi ",
      "23": "Chikkodi ",
      "24": "Bailhongal ",
      "25": "Dharwad ",
      "26": "Gadag ",
      "27": "Haveri ",
      "28": "Bijapur ",
      "29": "Bagalkote ",
      "30": "Karwar ",
      "31": "Sirsi ",
      "32": "Gulbarga s",
      "33": "Yadgir ",
      "34": "Ballari ",
      "35": "Hospet ",
      "36": "Raichur ",
      "37": "Koppal ",
      "38": "Bidar ",
      "39": "Bhalki ",
      "40": "Chikkaballapur ",
      "41": "Bengaluru Western Suburbs",
      "42": "Ramanagaram ",
      "43": "Devanahalli ",
      "44": "Tiptur ",
      "45": "Hunsur ",
      "46": "Sakleshpur ",
      "47": "Honnavar ",
      "48": "Jamkhandi ",
      "49": "Gokak ",
      "50": "Bengaluru Northern Suburbs: Yelahanka ",
      "51": "Bengaluru Southern Suburbs: Electronics City ",
      "52": "Nelamangala, Bengaluru Rural District ",
      "53": "Bengaluru Eastern Suburbs: Krishnarajapuram ",
      "54": "Nagamangala ",
      "55": "Mysuru East ",
      "56": "Basavakalyan ",
      "57": "Shantinagar, Bengaluru Urban District",
      "61": "Marathahalli, Bengaluru Urban District ",
      "62": "Surathkal, Mangaluru ",
      "63": "Hubli ",
      "64": "Madhugiri",
      "65": "Dandeli",
      "66": "Tarikere ",
      "67": "Sedam ",
      "68": "Chintamani",
      "69": "Ranebennuru",
      "70": "Bantwal"
    }
  },
  "KL": {
    "name": "Kerala",
    "no": {
      "01": "Thiruvananthapuram",
      "02": "Kollam",
      "03": "Pathanamthitta",
      "04": "Alappuzha",
      "05": "Kottayam",
      "06": "Idukki",
      "07": "Ernakulam",
      "08": "Thrissur",
      "09": "Palakkad",
      "10": "Malappuram",
      "11": "Kozhikode",
      "12": "Wayanad",
      "13": "Kannur",
      "14": "Kasargod",
      "15": "Kerala State Road Transport Corporation buses",
      "16": "Attingal",
      "17": "Muvattupuzha",
      "18": "Vatakara",
      "19": "Parassala",
      "20": "Neyyattinkara",
      "21": "Nedumangad",
      "22": "Kazhakkoottam / Thiruvananthapuram",
      "23": "Karunagapally",
      "24": "Kottarakara",
      "25": "Punalur",
      "26": "Adoor",
      "27": "Thiruvalla",
      "28": "Mallappally",
      "29": "Kayamkulam",
      "30": "Chengannur",
      "31": "Mavelikara",
      "32": "Cherthala",
      "33": "Changanassery",
      "34": "Kanjirappally",
      "35": "Pala",
      "36": "Vaikom",
      "37": "Vandiperiyar",
      "38": "Thodupuzha",
      "39": "Thripunithura",
      "40": "Perumbavoor",
      "41": "Aluva",
      "42": "North Paravur",
      "43": "Mattancherry",
      "44": "Kothamangalam",
      "45": "Irinjalakuda",
      "46": "Guruvayur",
      "47": "Kodungallur",
      "48": "Wadakkancherry",
      "49": "Alathur",
      "50": "Mannarghat",
      "51": "Ottappalam",
      "52": "Pattambi",
      "53": "Perinthalmanna",
      "54": "Ponnani",
      "55": "Tirur",
      "56": "Koyilandy",
      "57": "Koduvally",
      "58": "Thalassery",
      "59": "Thaliparamba",
      "60": "Kanhangad",
      "61": "Kunnathur",
      "62": "Ranni",
      "63": "Angamaly",
      "64": "Chalakkudy",
      "65": "Thirurangadi",
      "66": "Kuttanadu",
      "67": "Uzhavoor",
      "68": "Devikulam",
      "69": "Nedumkandam",
      "70": "Chittur",
      "71": "Nilambur",
      "72": "Mananthavady",
      "73": "Sulthan Bathery"
    }
  },
  "LD": {
    "name": "Lakshadweep",
    "no": {
      "01": "Kavaratti",
      "02": "Agatti",
      "03": "Amini",
      "04": "Androth",
      "05": "Kadmat",
      "06": "Kiltan",
      "07": "Chetlat",
      "08": "Kalpeni",
      "09": "Minicoy"
    }
  },
  "MH": {
    "name": "Maharashtra",
    "no": {
      "01": "Mumbai (South) ",
      "02": "Mumbai (West)",
      "03": "Mumbai (East) ",
      "04": "Thane. ",
      "05": "Kalyan-Dombivali, Ulhasnagar",
      "06": "Raigad ",
      "07": "Sindhudurg ",
      "08": "Ratnagiri",
      "09": "Kolhapur",
      "10": "Sangli-Miraj-Kupwad",
      "11": "Satara",
      "12": "Pune ",
      "13": "Solapur ",
      "14": "Pimpri-Chinchwad",
      "15": "Nashik ",
      "16": "Ahmednagar District (South)",
      "17": "Ahmednagar District (North)",
      "18": "Dhule",
      "19": "Jalgaon",
      "20": "Aurangabad ",
      "21": "Jalna ",
      "22": "Parbhani",
      "23": "Beed",
      "24": "Latur ",
      "25": "Osmanabad",
      "26": "Nanded",
      "27": "Amravati",
      "28": "Buldhana",
      "29": "Yavatmal ",
      "30": "Akola ",
      "31": "Nagpur West ",
      "32": "Wardha",
      "33": "Gadchiroli",
      "34": "Chandrapur",
      "35": "Gondia",
      "36": "Bhandara",
      "37": "Washim",
      "38": "Hingoli",
      "39": "Nandurbar",
      "40": "Nagpur (Rural)",
      "41": "Malegaon",
      "42": "Baramati",
      "43": "Navi Mumbai ",
      "44": "Ambejogai ",
      "45": "Akluj",
      "46": "Panvel also MSRTC buses are registered here",
      "47": "Mumbai North",
      "48": "Virar",
      "49": "Nagpur East ",
      "50": "Karad (Satara Rural) ",
      "51": "Nashik Rural",
      "52": "[Kanwati) ",
      "53": "Nanded South",
      "54": "Pune South"
    }
  },
  "ML": {
    "name": "Meghalaya",
    "no": {
      "01": "ML government vehicles",
      "02": "ML police vehicles",
      "03": "Vehicles",
      "04": "Jaintia Hills",
      "05": "Shillong",
      "06": "West Khasi Hills",
      "07": "East Garo Hills",
      "08": "West Garo Hills(Tura)",
      "09": "South Garo Hills",
      "10": "Ri-Bhoi"
    }
  },
  "MN": {
    "name": "Manipur",
    "no": {
      "01": "Imphal West",
      "02": "Churachandpur",
      "03": "Kangpokpi",
      "04": "Thoubal",
      "05": "Bishnupur",
      "06": "Imphal East",
      "07": "Ukhrul"
    }
  },
  "MP": {
    "name": "Madhya Pradesh",
    "no": {
      "01": "State Governors Vehicle",
      "02": "MP Government Vehicles",
      "03": "MP Police Vehicle",
      "04": "Bhopal",
      "05": "Hoshangabad",
      "06": "Morena",
      "07": "Gwalior",
      "08": "Guna",
      "09": "Indore",
      "10": "Kahrgone (west Nimar)",
      "11": "Dhar",
      "12": "Khandwa (East Nimar)",
      "13": "Ujjain",
      "14": "Mandsaur",
      "15": "Sagar",
      "16": "Chhatarpur",
      "17": "Rewa",
      "18": "Shahdol",
      "19": "Satna",
      "20": "Jabalpur",
      "21": "Katni",
      "22": "Seoni",
      "23": "Raipur",
      "24": "Durg",
      "25": "Jagdalpur (not in use)",
      "26": "Bilaspur (not in use)",
      "27": "Ambikapur (not in use)",
      "28": "Chhindwara",
      "29": "Rajnandgaon(not in use)",
      "30": "Bhind",
      "31": "Sheopur",
      "32": "Datia",
      "33": "Shivpuri",
      "34": "Damoh",
      "35": "Panna",
      "36": "Tikamgarh",
      "37": "Sehore",
      "38": "Raisen",
      "39": "Rajgarh",
      "40": "Vidisha",
      "41": "Dewas",
      "42": "Shajapur",
      "43": "Ratlam",
      "44": "Neemuch",
      "45": "Jhabua",
      "46": "Badwani",
      "47": "Harda",
      "48": "Betul",
      "49": "Narsinghpur",
      "50": "Balaghat",
      "51": "Mandla",
      "52": "Dindori",
      "53": "Sidhi",
      "54": "Umaria",
      "65": "Anuppur",
      "66": "Singrauli (Waidhan)",
      "67": "Ashoknagar",
      "68": "Burhanpur",
      "69": "Alirajpur",
      "70": "Agar / Malwa"
    }
  },
  "MZ": {
    "name": "Mizoram",
    "no": {
      "01": "Aizawl",
      "02": "Lunglei",
      "03": "Saiha",
      "04": "Champhai",
      "05": "Kolasib",
      "06": "Serchhip",
      "07": "Lawngtlai",
      "08": "Mamit"
    }
  },
  "NL": {
    "name": "Nagaland",
    "no": {
      "01": "Kohima",
      "02": "Mokokchung",
      "03": "Tuensang",
      "04": "Mon",
      "05": "Wokha",
      "06": "Zunheboto",
      "07": "Dimapur",
      "08": "Phek"
    }
  },
  "OD": {
    "name": "Odisha",
    "no": {
      "01": "Balasore",
      "02": "Bhubaneswar-I",
      "03": "Bolangir",
      "04": "Chandikhol",
      "05": "Cuttack",
      "06": "Dhenkanal",
      "07": "Ganjam",
      "08": "Kalahandi",
      "09": "Keonjhar",
      "10": "Koraput",
      "11": "Mayurbhanj",
      "12": "Phulabani Khandamal",
      "13": "Puri",
      "14": "Rourkela",
      "15": "Sambalpur",
      "16": "Sundergarh",
      "17": "Baragarh",
      "18": "Rayagada",
      "19": "Angul",
      "20": "Gajapati",
      "21": "Jagatsinghpur",
      "22": "Bhadrak",
      "23": "Jharsuguda",
      "24": "Nabarangpur",
      "25": "Nayagarh",
      "26": "Nuapada",
      "27": "Boudh",
      "28": "Debagarh",
      "29": "Kendrapara",
      "30": "Malkangiri",
      "31": "Subarnapur",
      "32": "Bhanjanagar",
      "33": "Bhubaneswar-II",
      "34": "Jajpur",
      "35": "Talcher"
    }
  },
  "PB": {
    "name": "Punjab",
    "no": {
      "01": "Chandigarh taxi vehicles from Punjab",
      "02": "Amritsar",
      "03": "Bathinda",
      "04": "Faridkot",
      "05": "Ferozepur",
      "06": "Gurdaspur",
      "07": "Hoshiarpur",
      "08": "Jalandhar",
      "09": "Kapurthala",
      "10": "Ludhiana",
      "11": "Patiala (city)",
      "12": "Ropar",
      "13": "Sangrur",
      "14": "Ajnala",
      "15": "Abohar",
      "16": "Anandpur Sahib",
      "17": "Baba Bakala",
      "18": "Batala",
      "19": "Barnala",
      "20": "Balachaur",
      "21": "Dasuya",
      "22": "Fazilka",
      "23": "Fatehgarh Sahib",
      "24": "Garhshankar",
      "25": "Jagraon",
      "26": "Khanna",
      "27": "Kharar",
      "28": "Malerkotla",
      "29": "Moga",
      "30": "Muktsar",
      "31": "Mansa",
      "32": "Nawanshahar",
      "33": "Nakodar",
      "34": "Nabha (Patiala South West)",
      "35": "Pathankot",
      "36": "Phagwara",
      "37": "Phillaur",
      "38": "Patti",
      "39": "Rajpura (Patiala North)",
      "40": "Rampura Phul",
      "41": "Sultanpur Lodhi",
      "42": "Samana (Patiala East)",
      "43": "Samrala",
      "44": "Sunam",
      "45": "Talwandi Sabo",
      "46": "Tarn Taran",
      "47": "Zira",
      "48": "Amloh (Patiala West)",
      "49": "Khamanon",
      "50": "Budhlada",
      "51": "Jhunir / Sardulgarh",
      "52": "Bassi Pathana",
      "53": "Malout",
      "54": "Mukerian",
      "55": "Payal",
      "56": "Raikot",
      "57": "Bhulath",
      "58": "Dera Baba Nanak",
      "59": "Dhuri",
      "60": "Gidderbaha",
      "61": "Jalalabad",
      "62": "Jaitu",
      "63": "Khadoor Sahib",
      "64": "Moonak",
      "65": "Mohali",
      "66": "Nihal Singh Wala",
      "67": "Shahkot",
      "68": "Dhar Kalan (District Pathankot)",
      "69": "Bagha Purana",
      "70": "Dera Bassi",
      "71": "Chamkaur Sahib",
      "72": "Pattran (Patiala East)",
      "73": "Tappa Mandi",
      "74": "Nangal",
      "75": "Lehragaga",
      "76": "Ahmedgarh",
      "77": "Guru Har Sahai"
    }
  },
  "PY": {
    "name": "Puducherry",
    "no": {
      "01": "Puducherry",
      "02": "Karaikal",
      "03": "Mahe",
      "04": "Yanam",
      "05": "Oulgaret"
    }
  },
  "RJ": {
    "name": "Rajasthan",
    "no": {
      "01": "Ajmer",
      "02": "Alwar",
      "03": "Banswara",
      "04": "Barmer",
      "05": "Bharatpur",
      "06": "Bhilwara",
      "07": "Bikaner",
      "08": "Bundi",
      "09": "Chittaurgarh",
      "10": "Churu",
      "11": "Dholpur",
      "12": "Dungarpur",
      "13": "Sri Ganganagar",
      "14": "Jaipur South",
      "15": "Jaisalmer",
      "16": "Jalore",
      "17": "Jhalawar",
      "18": "Jhunjhunu",
      "19": "Jodhpur",
      "20": "Kota",
      "21": "Nagaur",
      "22": "Pali",
      "23": "Sikar",
      "24": "Sirohi",
      "25": "Sawai Madhopur",
      "26": "Tonk",
      "27": "UDAIPUR-1",
      "28": "Baran",
      "29": "Dausa",
      "30": "Rajsamand",
      "31": "Hanumangarh",
      "32": "Kotputli (Jaipur)",
      "33": "Ramganj Mandi (Kota)",
      "34": "Karauli",
      "35": "Pratapgarh",
      "36": "Beawar (Ajmer)",
      "37": "Didwana (Nagaur)",
      "38": "Abu Road (Sirohi)",
      "39": "Balotra (Barmer)",
      "40": "Bhiwadi (Alwar)",
      "41": "Rambaag",
      "42": "Kishangarh (Ajmer)",
      "43": "Phalodi (Jodhpur)",
      "44": "Sujangarh (Churu)",
      "45": "Jaipur North",
      "46": "Bhinmal (Jalore)",
      "47": "Dudu (Jaipur)",
      "48": "Kekri (Ajmer)",
      "49": "Nohar (Hanumangarh)",
      "50": "Nokha (Bikaner)",
      "51": "Shahpura (Bhilwara)",
      "59": "Shahpura (Jaipur)"
    }
  },
  "SK": {
    "name": "Sikkim",
    "no": {}
  },
  "TN": {
    "name": "Tamil Nadu",
    "no": {
      "01": "Chennai Central",
      "02": "Chennai Anna Nagar",
      "03": "Chennai Tondiarpet",
      "04": "Chennai Royapuram",
      "05": "Chennai Kolathur",
      "06": "Chennai Mandavelli",
      "07": "Chennai Tiruvanmiyur",
      "09": "Chennai West & South East (K. K. Nagar)",
      "10": "Chennai South West (Virugambakkam)",
      "11": "Chennai Suburban South (Tambaram)",
      "12": "Chennai Suburban (Poonamallee)",
      "13": "Chennai Suburban North Central (Ambattur)",
      "14": "Chennai Suburban South East Sholinganallur",
      "15": "Ulundurpet",
      "15Z": "Kallakurichi",
      "16": "Tindivanam",
      "16Z": "Gingee",
      "18": "Chennai Suburban North (Red Hills",
      "18Y": "Gummidipoondi",
      "19": "Chengalpattu",
      "20": "Tiruvallur",
      "20X": "Thiruthani",
      "21": "Kanchipuram",
      "22": "Chennai Alandur",
      "23": "Vellore",
      "23T": "Gudiyatham",
      "24": "Krishnagiri",
      "25": "Thiruvannamalai District",
      "27": "Salem District (Not In Use)",
      "28": "Namakkal North",
      "29": "Dharmapuri",
      "30": "Salem West",
      "30W": "Omalur",
      "31": "Cuddalore",
      "31Z": "Panruti",
      "32": "Villupuram",
      "33": "Erode East",
      "34": "Thiruchengode",
      "36": "Gobichettipalayam",
      "36W": "Bhavani",
      "36Z": "Sathyamangalam",
      "37": "Coimbatore South",
      "37Z": "Sulur",
      "38": "Coimbatore North",
      "39": "Tirupur",
      "39Z": "Avinashi",
      "40": "Mettupalayam",
      "41": "Pollachi",
      "41W": "Valparai",
      "42": "Tirupur South",
      "42Y": "Kangayam",
      "43": "Ooty",
      "45": "Tiruchirapalli East",
      "45Z": "Manaparai",
      "46": "Perambalur",
      "47": "Karur",
      "48": "Srirangam",
      "48X": "Lalgudi",
      "48Z": "Thuraiyur",
      "49": "Thanjavur",
      "50": "Tiruvarur",
      "50Z": "Mannargudi",
      "51": "Nagapattinam",
      "52": "Sankagiri",
      "54": "Salem East",
      "55": "Pudukottai",
      "56": "Perundurai",
      "57": "Dindigul",
      "58": "Madurai South",
      "59": "Madurai North",
      "60": "Theni",
      "61": "Ariyalur",
      "63": "Sivaganga district",
      "63Z": "Karaikudi",
      "64": "Madurai Central",
      "65": "Ramanathapuram",
      "66": "Coimbatore Central",
      "67": "Virudhunagar",
      "67W": "Aruppukottai",
      "68": "Kumbakonam",
      "69": "Thoothukudi",
      "70": "Hosur",
      "72": "Tirunelveli",
      "73": "Ranipet",
      "73Z": "Arakkonam",
      "74": "Nagercoil",
      "75": "Marthandam",
      "76": "Tenkasi",
      "77": "Attur",
      "77Z": "Valapadi",
      "78": "Dharapuram",
      "78Z": "Udumalpet",
      "79": "Sankarankovil",
      "81": "Tiruchirapalli East",
      "82": "Mayiladuthurai",
      "82Z": "Sirkazhi",
      "83": "Vaniyambadi",
      "83Z": "Ambur",
      "84": "Srivilliputhur",
      "85": "Chennai Manapakkam",
      "86": "Erode West",
      "87": "Sriperumbudur",
      "88": "Namakkal South",
      "88Z": "Paramathi Velur",
      "90": "Salem South",
      "91": "Chidambaram",
      "91Y": "Neyveli",
      "91Z": "Virudhachalam",
      "92": "Thiruchendur",
      "93": "Mettur",
      "94": "Palani",
      "95": "Sivakasi",
      "96": "Kovilpatti",
      "99": "Coimbatore – West"
    }
  },
  "TR": {
    "name": "Tripura",
    "no": {
      "01": "Agartala",
      "02": "Kailasahar",
      "03": "Udaipur",
      "04": "Ambassa",
      "05": "Dharmanagar",
      "06": "Khowai",
      "07": "Sepahijala",
      "08": "Santirbazar"
    }
  },
  "TS": {
    "name": "Telangana",
    "no": {
      "01": "Adilabad",
      "02": "Karimnagar",
      "03": "Warangal",
      "04": "Khammam",
      "05": "Nalgonda",
      "06": "Mahbubnagar",
      "07": "Ranga Reddy",
      "08": "Medchal",
      "09": "Hyderabad Central (Khairtabad)",
      "10": "Hyderabad North (Secunderabad)",
      "11": "Hyderabad East (Malakpet)",
      "12": "Hyderabad South (Kishanbagh)",
      "13": "Hyderabad West (Tolichowki)",
      "14": "Hyderabad (reserved)",
      "15": "Sangareddy",
      "16": "Nizamabad",
      "17": "Kamareddy",
      "18": "Nirmal",
      "19": "Mancherial",
      "20": "Asifabad (Komaram Bheem)",
      "21": "Jagtial",
      "22": "Peddapalli",
      "23": "Sircilla",
      "24": "Warangal (rural)",
      "25": "Jayashankar",
      "26": "Mahabubabad",
      "27": "Jangaon",
      "28": "Bhadradri",
      "29": "Suryapet",
      "30": "Yadadri",
      "31": "Nagarkurnool",
      "32": "Wanaparthy",
      "33": "Gadwal",
      "34": "Vikarabad",
      "35": "Medak",
      "36": "Siddipet"
    }
  },
  "UK": {
    "name": "Uttarakhand",
    "no": {
      "01": "Almora",
      "02": "Bageshwar",
      "03": "Champawat",
      "04": "Nainital",
      "05": "Pithoragarh",
      "06": "Rudrapur",
      "07": "Dehradun",
      "08": "Haridwar",
      "09": "Tehri",
      "10": "Uttarkashi",
      "11": "Chamoli Gopeshwar",
      "12": "Pauri",
      "13": "Rudraprayag",
      "14": "Rishikesh",
      "15": "Kotdwar",
      "16": "Vikasnagar",
      "17": "Roorkee",
      "18": "Kashipur"
    }
  },
  "UP": {
    "name": "Uttar Pradesh",
    "no": {
      "11": "Saharanpur",
      "12": "Muzaffarnagar",
      "13": "Bulandshahar",
      "14": "Ghaziabad",
      "15": "Meerut",
      "16": "Gautam Budh Nagar/Noida",
      "17": "Baghpat",
      "19": "Shamli",
      "20": "Bijnor",
      "21": "Moradabad",
      "22": "Rampur ",
      "23": "Amroha",
      "24": "Badaun",
      "25": "Bareilly",
      "26": "Pilibhit",
      "27": "Shahjahanpur",
      "28": "Ayodhya",
      "30": "Hardoi",
      "31": "Lakhimpur Kheri",
      "32": "Lucknow",
      "33": "Raebareli",
      "34": "Sitapur",
      "35": "Unnao",
      "36": "Amethi",
      "37": "Hapur",
      "38": "Sambhal district",
      "40": "Bahraich",
      "41": "Barabanki",
      "42": "Faizabad",
      "43": "Gonda",
      "44": "Sultanpur",
      "45": "Ambedkar Nagar",
      "46": "Shravasti",
      "47": "Balrampur",
      "50": "Azamgarh",
      "51": "Basti",
      "52": "Deoria",
      "53": "Gorakhpur",
      "54": "Mau",
      "55": "Siddharth Nagar",
      "56": "Maharajganj",
      "57": "Kushinagar",
      "58": "Sant Kabir Nagar",
      "60": "Ballia",
      "61": "Ghazipur",
      "62": "Jaunpur",
      "63": "Mirzapur",
      "64": "Sonbhadra",
      "65": "Varanasi",
      "66": "Bhadohi",
      "67": "Chandauli",
      "70": "Allahabad",
      "71": "Fatehpur",
      "72": "Pratapgarh",
      "73": "Kaushambi",
      "74": "Kannauj",
      "75": "Etawah",
      "76": "Farrukhabad",
      "77": "Kanpur Dehat (rural)",
      "78": "Kanpur Nagar (urban)",
      "79": "Auraiya",
      "80": "Agra",
      "81": "Aligarh",
      "82": "Etah",
      "83": "Firozabad",
      "84": "Mainpuri",
      "85": "Mathura",
      "86": "Hathras",
      "87": "Kasganj",
      "90": "Banda",
      "91": "Hamirpur",
      "92": "Jalaun",
      "93": "Jhansi",
      "94": "Lalitpur",
      "95": "Mahoba",
      "96": "Chitrakoot"
    }
  },
  "WB": {
    "name": "West Bengal",
    "no": {
      "01": "Kolkata ",
      "02": "Kolkata ",
      "03": "Kolkata Beltala ",
      "04": "Kolkata Beltala ",
      "05": "Kolkata Kasba ",
      "06": "Kolkata Kasba ",
      "07": "Kolkata Salt Lake ",
      "08": "Kolkata Salt Lake ",
      "09": "Kolkata New Town ",
      "10": "Kolkata New Town ",
      "11": "Howrah",
      "12": "Howrah",
      "13": "Uluberia ",
      "14": "Uluberia ",
      "15": "Hugli-Chuchura",
      "16": "Hugli-Chuchura",
      "17": "Hooghly Srirampur",
      "18": "Hooghly Srirampur ",
      "19": "Alipore",
      "20": "Alipore ",
      "23": "Barrackpore ",
      "24": "Barrackpore ",
      "25": "Barasat ",
      "26": "Barasat ",
      "27": "Bangaon ",
      "28": "Bangaon ",
      "29": "Tamluk ",
      "30": "Tamluk ",
      "31": "Contai ",
      "32": "Contai ",
      "33": "Midnapur ",
      "34": "Midnapur ",
      "36": "Midnapur",
      "37": "Asansol ",
      "38": "Asansol ",
      "39": "Durgapur ",
      "40": "Durgapur ",
      "41": "Burdwan ",
      "42": "Burdwan ",
      "43": "Kalna ",
      "44": "Asansol",
      "45": "Asansol",
      "46": " Kalna ",
      "47": "Bolpur ",
      "48": "Bolpur ",
      "49": "Jhargram ",
      "50": "Jhargram ",
      "51": "Krishnanagar ",
      "52": "Krishnanagar ",
      "53": "Birbhum ",
      "54": "Birbhum ",
      "55": "Purulia ",
      "56": "Purulia ",
      "57": "Murshidabad ",
      "58": "Murshidabad ",
      "59": "Raiganj ",
      "60": "Raiganj ",
      "61": "Balurghat ",
      "62": "Balurghat ",
      "63": "Cooch Behar ",
      "64": "Cooch Behar ",
      "65": "Malda ",
      "66": "Malda ",
      "67": "Bankura ",
      "68": "Bankura ",
      "69": "Alipurduar ",
      "70": "Alipurduar ",
      "71": "Jalpaiguri ",
      "72": "Jalpaiguri ",
      "73": "Siliguri ",
      "74": "Siliguri ",
      "76": "Darjeeling ",
      "77": "Darjeeling",
      "78": "Kalimpong ",
      "79": "Kalimpong ",
      "82": "Raghunathpur ",
      "85": "Mathabhanga RTO ",
      "86": "Mathabhanga RTO ",
      "87": "Bishnupur ",
      "88": "Bishnupur ",
      "89": "Kalyani ",
      "90": "Kalyani ",
      "91": "Islampur ",
      "92": "Islampur ",
      "93": "Jangipur, West Bengal",
      "94": "Jangipur, West Bengal",
      "96": "Baruipur "
    }
  }
}